Date,Open Price,High Price,Low Price,Close Price,WAP,No.of Shares,No. of Trades,Total Turnover (Rs.),Deliverable Quantity,% Deli. Qty to Traded Qty,Spread High-Low,Spread Close-Open
16-February-2024,1688.00,1708.95,1681.05,1702.40,1699.646687587737912572,490096,20874,832990043.00,228192,46.56,27.90,14.40
15-February-2024,1673.90,1686.75,1662.00,1677.60,1673.634923385086080849,236638,7254,396045621.00,198915,84.06,24.75,3.70
14-February-2024,1660.95,1668.80,1635.35,1666.00,1644.656670883042923453,358918,17741,590296883.00,245476,68.39,33.45,5.05
13-February-2024,1680.15,1689.00,1663.75,1684.60,1674.870845650810713965,44652,2780,74786333.00,26785,59.99,25.25,4.45
12-February-2024,1670.15,1692.50,1670.15,1679.80,1685.747288515343714817,269133,13563,453690225.00,135692,50.42,22.35,9.65
9-February-2024,1685.90,1692.00,1659.30,1669.65,1669.026308971352672056,304915,18835,508911157.00,96256,31.57,32.70,-16.25
8-February-2024,1695.05,1706.20,1682.80,1693.20,1691.110954982540398267,95363,4039,161269414.00,62810,65.86,23.40,-1.85
7-February-2024,1729.25,1729.25,1686.90,1693.70,1699.469663455941528696,197567,8860,335759123.00,143002,72.38,42.35,-35.55
6-February-2024,1680.05,1731.00,1673.65,1729.25,1714.583857023860572634,202887,10363,347866775.00,95972,47.30,57.35,49.20
5-February-2024,1686.10,1700.50,1681.00,1686.75,1691.954414726306501693,148469,11845,251202780.00,104182,70.17,19.50,0.65
2-February-2024,1662.25,1718.60,1662.25,1693.85,1697.776288377840880314,592334,25010,1005650620.00,79527,13.43,56.35,31.60
1-February-2024,1660.00,1677.00,1650.15,1656.45,1663.586397810345424938,144315,9899,240080471.00,88767,61.51,26.85,-3.55
31-January-2024,1645.05,1666.00,1637.95,1662.10,1655.218409278484861648,46042,2625,76209566.00,23964,52.05,28.05,17.05
30-January-2024,1655.90,1689.90,1647.95,1650.80,1669.469881227451457294,98676,4711,164736610.00,43505,44.09,41.95,-5.10
29-January-2024,1665.25,1679.25,1647.05,1655.90,1659.062932125099296831,67978,3894,112779780.00,30926,45.49,32.20,-9.35
25-January-2024,1668.15,1680.45,1657.65,1670.80,1670.116094455790933078,1207422,19923,2016534915.00,711789,58.95,22.80,2.65
24-January-2024,1655.20,1679.80,1644.30,1674.50,1658.082191202729684083,1137421,35858,1885937504.00,897476,78.90,35.50,19.30
23-January-2024,1645.15,1675.00,1637.50,1642.20,1662.958941703080038367,112596,5584,187242525.00,53502,47.52,37.50,-2.95
20-January-2024,1661.50,1668.90,1644.65,1648.75,1654.001790713511059547,39649,2166,65579517.00,20221,51.00,24.25,-12.75
19-January-2024,1650.00,1665.00,1644.25,1658.95,1656.143954584349736267,626392,27020,1037395324.00,175412,28.00,20.75,8.95
18-January-2024,1638.45,1647.00,1628.50,1642.60,1638.847411383577552914,179961,7449,294928619.00,46728,25.97,18.50,4.15
17-January-2024,1620.00,1646.95,1620.00,1639.90,1639.142303712155385146,113061,5196,185323068.00,56507,49.98,26.95,19.90
16-January-2024,1647.75,1648.00,1625.70,1630.95,1639.197126148382614066,103624,4685,169860163.00,47942,46.27,22.30,-16.80
15-January-2024,1630.05,1664.90,1630.05,1652.00,1649.172611740460637208,314434,12296,518555941.00,135452,43.08,34.85,21.95
12-January-2024,1556.00,1615.80,1554.75,1612.20,1598.338722083453335664,3163133,108851,5055757957.00,1507498,47.66,61.05,56.20
11-January-2024,1523.00,1525.25,1486.65,1495.00,1498.031439333294009589,356019,8601,533327655.00,241071,67.71,38.60,-28.00
10-January-2024,1528.85,1536.75,1505.10,1519.65,1522.699216710182767624,204905,8370,312008683.00,128924,62.92,31.65,-9.20
9-January-2024,1541.00,1552.90,1526.20,1529.15,1543.152723532561219601,354870,15342,547618607.00,208165,58.66,26.70,-11.85
8-January-2024,1526.80,1535.85,1513.20,1522.95,1523.900823109032600376,212973,11904,324549730.00,104964,49.29,22.65,-3.85
5-January-2024,1508.60,1539.85,1507.50,1532.90,1530.882237326636911364,450788,17487,690103342.00,105297,23.36,32.35,24.30
4-January-2024,1502.90,1519.65,1493.05,1512.20,1508.219210682734932597,440786,18369,664801913.00,250519,56.83,26.60,9.30
3-January-2024,1518.35,1524.60,1488.25,1490.20,1500.127509947863999894,609176,35554,913841676.00,435147,71.43,36.35,-28.15
2-January-2024,1547.35,1548.50,1523.00,1534.95,1533.169493660663813292,309575,8309,474630946.00,219035,70.75,25.50,-12.40
1-January-2024,1542.00,1557.00,1536.90,1551.25,1546.658648762951998308,113496,4763,175539570.00,46682,41.13,20.10,9.25
29-December-2023,1549.95,1555.00,1539.20,1542.85,1543.940402841957731429,864756,42122,1335131727.00,105824,12.24,15.80,-7.10
28-December-2023,1567.95,1568.95,1555.00,1563.00,1561.662228318709646903,84566,4985,132063528.00,38498,45.52,13.95,-4.95
27-December-2023,1547.95,1569.95,1545.65,1566.50,1561.047391607916313958,323686,18369,505289186.00,222024,68.59,24.30,18.55
26-December-2023,1531.00,1548.00,1522.50,1544.50,1538.095072052720485495,239755,9130,368765984.00,77484,32.32,25.50,13.50
22-December-2023,1544.95,1565.90,1523.40,1562.00,1550.513665116538290684,610057,24492,945901715.00,148941,24.41,42.50,17.05
21-December-2023,1516.40,1546.00,1516.40,1536.25,1535.524315157441217362,196359,5608,301514019.00,140829,71.72,29.60,19.85
20-December-2023,1563.35,1583.35,1529.45,1535.75,1563.022427222007402088,144824,6814,226363160.00,70471,48.66,53.90,-27.60
19-December-2023,1568.40,1573.00,1543.55,1557.05,1556.359773810843774254,135285,6333,210552132.00,55552,41.06,29.45,-11.35
18-December-2023,1571.00,1593.00,1560.05,1563.75,1571.975355313171376631,387264,19398,608769464.00,251660,64.98,32.95,-7.25
15-December-2023,1520.10,1588.50,1520.10,1579.25,1560.600733695555484392,843129,26617,1315787736.00,346048,41.04,68.40,59.15
14-December-2023,1465.65,1510.00,1461.25,1501.25,1493.251012928041350409,331218,11520,494591614.00,190308,57.46,48.75,35.60
13-December-2023,1477.20,1477.25,1432.65,1448.90,1444.316401285937941941,251023,14026,362556636.00,134125,53.43,44.60,-28.30
12-December-2023,1475.00,1489.95,1467.50,1476.00,1477.226234381755007712,374722,19545,553549169.00,238703,63.70,22.45,1.00
11-December-2023,1490.00,1499.00,1485.10,1488.60,1490.983510930145253977,69258,4301,103262536.00,35517,51.28,13.90,-1.40
8-December-2023,1472.95,1493.60,1466.35,1490.60,1482.850549209110778140,782853,34258,1160854001.00,296798,37.91,27.25,17.65
7-December-2023,1474.10,1474.10,1462.00,1466.15,1466.114065035510315904,94902,4133,139137157.00,45282,47.71,12.10,-7.95
6-December-2023,1454.05,1477.00,1451.20,1474.10,1465.467498013252947257,167359,6342,245259175.00,87915,52.53,25.80,20.05
5-December-2023,1464.35,1466.95,1442.20,1453.70,1449.126476203296905021,326852,17693,473649887.00,184362,56.41,24.75,-10.65
4-December-2023,1460.00,1471.45,1449.35,1464.45,1462.687564493195206175,123075,5008,180020272.00,70220,57.05,22.10,4.45
1-December-2023,1457.65,1460.40,1446.05,1452.25,1450.779145622443350741,697935,31387,1012549543.00,177365,25.41,14.35,-5.40
30-November-2023,1455.95,1460.80,1449.90,1455.30,1457.393119266055045871,198380,6566,289117647.00,131752,66.41,10.90,-0.65
29-November-2023,1448.25,1459.95,1448.25,1459.10,1456.466063821337045723,239199,11866,348385226.00,153001,63.96,11.70,10.85
28-November-2023,1444.00,1445.35,1427.50,1443.05,1435.448835840285812881,49263,2770,70714516.00,27428,55.68,17.85,-0.95
24-November-2023,1443.45,1452.60,1433.65,1436.95,1438.863246788396398957,365783,17179,526311715.00,70241,19.20,18.95,-6.50
23-November-2023,1465.00,1465.95,1448.00,1449.75,1457.763150948619399862,155331,6420,226435808.00,55877,35.97,17.95,-15.25
22-November-2023,1431.05,1459.00,1431.05,1457.70,1448.692939769696067137,228307,11325,330746739.00,172146,75.40,27.95,26.65
21-November-2023,1441.05,1449.00,1436.40,1439.40,1442.059621948017852454,38090,2367,54928051.00,20982,55.09,12.60,-1.65
20-November-2023,1438.15,1451.80,1433.20,1436.30,1441.067514260783026963,138667,9972,199828509.00,88412,63.76,18.60,-1.85
17-November-2023,1442.95,1451.00,1434.75,1437.65,1441.286276969201000374,261502,13011,376899244.00,62431,23.87,16.25,-5.30
16-November-2023,1411.35,1453.35,1410.30,1443.90,1441.352372262193551668,629062,23752,906700006.00,493382,78.43,43.05,32.55
15-November-2023,1386.05,1413.10,1386.05,1411.15,1401.948098773012145775,306197,13544,429272302.00,187535,61.25,27.05,25.10
13-November-2023,1378.60,1382.85,1370.70,1374.15,1375.969568257557724351,134432,7640,184974341.00,106618,79.31,12.15,-4.45
12-November-2023,1378.25,1389.50,1378.25,1388.05,1385.998428247678923897,27358,2532,37918145.00,16949,61.95,11.25,9.80
10-November-2023,1371.00,1373.20,1361.20,1368.70,1366.355876033664175741,477065,25316,651840566.00,165335,34.66,12.00,-2.30
9-November-2023,1392.10,1395.25,1370.30,1375.15,1382.160342616036724948,568333,22166,785527334.00,477559,84.03,24.95,-16.95
8-November-2023,1404.35,1415.05,1386.75,1392.10,1399.568180485000645259,340948,13556,477179972.00,279912,82.10,28.30,-12.25
7-November-2023,1402.50,1405.85,1395.30,1404.35,1400.577248074202169470,101776,8407,142545150.00,61323,60.25,10.55,1.85
6-November-2023,1393.65,1406.35,1390.55,1404.00,1399.326209857139505970,298403,12962,417563139.00,204749,68.61,15.80,10.35
3-November-2023,1375.10,1392.00,1375.10,1389.10,1387.552585611040577941,691558,31022,959573091.00,152023,21.98,16.90,14.00
2-November-2023,1371.45,1375.80,1361.60,1370.45,1368.733476659290569637,301876,14168,413187787.00,249763,82.74,14.20,-1.00
1-November-2023,1370.35,1375.65,1352.00,1353.55,1357.193698442233074446,314938,12992,427431869.00,258169,81.97,23.65,-16.80
31-October-2023,1378.05,1381.80,1362.70,1368.65,1368.969785194667332729,128116,11762,175386933.00,58520,45.68,19.10,-9.40
30-October-2023,1380.65,1380.65,1362.90,1377.30,1373.913297951490501463,100805,9107,138497330.00,46773,46.40,17.75,-3.35
27-October-2023,1364.90,1385.55,1364.90,1380.65,1380.897161448133078601,375297,16822,518246562.00,37215,9.92,20.65,15.75
26-October-2023,1359.95,1374.45,1353.85,1357.80,1362.817780695755807694,659513,26326,898796043.00,491014,74.45,20.60,-2.15
25-October-2023,1402.85,1402.85,1362.00,1370.10,1379.961081293820044625,315067,35177,434780198.00,176556,56.04,40.85,-32.75
23-October-2023,1426.40,1432.00,1405.35,1408.95,1418.564776740998471189,75876,4881,107635021.00,47783,62.98,26.65,-17.45
20-October-2023,1431.95,1438.30,1424.80,1427.20,1431.220121272331751768,583810,24444,835560619.00,280153,47.99,13.50,-4.75
19-October-2023,1427.90,1439.60,1421.00,1433.45,1435.781451014554985659,1052629,25296,1511345193.00,980119,93.11,18.60,5.55
18-October-2023,1442.85,1453.90,1438.15,1440.75,1448.946445483603646264,337880,12511,489570025.00,229400,67.89,15.75,-2.10
17-October-2023,1441.00,1453.30,1438.20,1442.70,1446.633866720023361579,369838,11710,535020176.00,264417,71.50,15.10,1.70
16-October-2023,1431.00,1443.55,1431.00,1434.45,1439.290745613702487569,395607,20715,569393494.00,302760,76.53,12.55,3.45
13-October-2023,1419.95,1437.55,1402.10,1431.80,1428.177142554982219734,1134685,47351,1620531181.00,704577,62.09,35.45,11.85
12-October-2023,1490.50,1504.50,1452.00,1464.55,1482.675689888576486514,192060,8081,284762693.00,98602,51.34,52.50,-25.95
11-October-2023,1497.00,1518.50,1481.60,1493.65,1496.872844449853943524,1643200,8047,2459661458.00,1526204,92.88,36.90,-3.35
10-October-2023,1482.00,1497.00,1469.00,1495.00,1489.537985784881947410,131128,4988,195320137.00,62474,47.64,28.00,13.00
9-October-2023,1459.05,1491.00,1459.05,1474.60,1480.363783284133941616,167685,10819,248234801.00,77646,46.30,31.95,15.55
6-October-2023,1467.80,1484.20,1463.50,1478.55,1476.348861987214597267,500258,26339,738555329.00,181220,36.23,20.70,10.75
5-October-2023,1452.10,1474.95,1452.10,1462.45,1463.921723229959040374,341800,15896,500368445.00,174844,51.15,22.85,10.35
4-October-2023,1427.95,1449.00,1418.40,1445.25,1430.560435184709448697,233556,8624,334115973.00,181379,77.66,30.60,17.30
3-October-2023,1435.10,1437.75,1420.50,1433.60,1430.997913526310859031,117423,5511,168032068.00,76389,65.05,17.25,-1.50
29-September-2023,1434.95,1447.00,1416.00,1435.05,1431.497232774607061195,277715,22779,397548254.00,117930,42.46,31.00,0.10
28-September-2023,1468.40,1472.35,1435.20,1439.50,1449.066739018252815593,187971,17412,272382524.00,84781,45.10,37.15,-28.90
27-September-2023,1456.40,1469.40,1450.00,1467.55,1462.946820081286850993,262035,9622,383343270.00,219367,83.72,19.40,11.15
26-September-2023,1478.35,1480.00,1458.70,1460.05,1466.026242125758790516,218275,13965,319996878.00,126862,58.12,21.30,-18.30
25-September-2023,1494.95,1494.95,1471.65,1474.75,1480.203856950332130079,438533,13113,649118238.00,355281,81.02,23.30,-20.20
22-September-2023,1494.35,1506.70,1485.90,1496.00,1500.001864356517469531,411402,21929,617103767.00,250511,60.89,20.80,1.65
21-September-2023,1480.15,1503.95,1476.10,1501.85,1493.104222415987652464,99777,6455,148977460.00,51098,51.21,27.85,21.70
20-September-2023,1480.00,1495.00,1477.35,1490.00,1487.164952513102258557,213322,7558,317245002.00,147291,69.05,17.65,10.00
18-September-2023,1505.00,1505.00,1485.00,1491.10,1493.684898089276082443,244724,15783,365540543.00,142629,58.28,20.00,-13.90
15-September-2023,1515.35,1519.30,1509.10,1512.25,1513.101241534988713318,106320,5094,160872924.00,47962,45.11,10.20,-3.10
14-September-2023,1502.60,1512.75,1499.55,1506.75,1505.591739045980520021,72074,4910,108514019.00,35567,49.35,13.20,4.15
13-September-2023,1504.20,1505.35,1488.50,1496.95,1497.472767267019167217,96832,4589,145003283.00,42453,43.84,16.85,-7.25
12-September-2023,1478.05,1503.60,1477.55,1500.80,1493.502885058307270831,412470,7835,616025135.00,350628,85.01,26.05,22.75
11-September-2023,1469.00,1478.10,1464.15,1476.35,1472.706784064092648779,252135,14138,371320925.00,172875,68.56,13.95,7.35
8-September-2023,1460.25,1474.80,1460.15,1469.65,1469.205024440277129546,357811,15021,525697719.00,156160,43.64,14.65,9.40
7-September-2023,1470.05,1472.70,1462.20,1466.00,1467.527414243255225865,60899,3561,89370952.00,29444,48.35,10.50,-4.05
6-September-2023,1480.40,1482.45,1463.70,1476.75,1471.737999948023597286,76958,4437,113262013.00,43201,56.14,18.75,-3.65
5-September-2023,1460.05,1480.00,1456.85,1478.70,1472.871265463695969865,127961,8961,188470080.00,69879,54.61,23.15,18.65
4-September-2023,1443.00,1469.00,1435.35,1464.65,1450.856692380813103246,218816,6480,317470658.00,142705,65.22,33.65,21.65
1-September-2023,1430.05,1446.60,1427.45,1443.05,1441.334527180194125144,673174,31676,970268929.00,129850,19.29,19.15,13.00
31-August-2023,1436.00,1444.90,1429.20,1434.10,1440.174181444387649064,178027,7038,256389889.00,121021,67.98,15.70,-1.90
30-August-2023,1419.25,1436.40,1419.25,1435.05,1431.150489435527095263,354490,14491,507328537.00,219896,62.03,17.15,15.80
29-August-2023,1420.00,1424.40,1415.20,1418.20,1420.007567497192702654,245788,9217,349020820.00,166087,67.57,9.20,-1.80
28-August-2023,1416.05,1424.00,1411.50,1415.85,1417.611992774784461918,258539,12284,366507987.00,178914,69.20,12.50,-0.20
25-August-2023,1412.20,1423.15,1411.60,1420.55,1418.531235797029500225,1001111,42636,1420107224.00,294650,29.43,11.55,8.35
24-August-2023,1418.65,1425.25,1414.40,1424.50,1421.173260143836235878,254317,10135,361428520.00,199853,78.58,10.85,5.85
23-August-2023,1411.20,1415.00,1405.10,1407.70,1409.039704289683100249,212370,11895,299237762.00,110149,51.87,9.90,-3.50
22-August-2023,1405.10,1406.15,1396.45,1403.80,1400.980686787583339307,139490,6676,195422796.00,109893,78.78,9.70,-1.30
21-August-2023,1388.80,1406.60,1388.00,1404.90,1399.458912939735179526,140397,4525,196479833.00,95351,67.92,18.60,16.10
18-August-2023,1407.25,1409.00,1386.00,1388.75,1391.600882881830162099,770205,26502,1071817958.00,88539,11.50,23.00,-18.50
17-August-2023,1418.60,1419.95,1406.00,1411.20,1413.278401365921522749,63254,3842,89395512.00,26101,41.26,13.95,-7.40
16-August-2023,1411.00,1419.95,1405.00,1418.50,1415.056415839987095733,595152,41030,842173656.00,355247,59.69,14.95,7.50
14-August-2023,1372.00,1394.50,1365.20,1393.65,1382.605638096411140706,324755,17242,449008094.00,205566,63.30,29.30,21.65
11-August-2023,1391.00,1397.00,1367.20,1372.00,1377.488314158891203913,287014,17899,395358431.00,165024,57.50,29.80,-19.00
10-August-2023,1393.40,1395.75,1385.80,1389.15,1391.296476815728869487,145465,7388,202384942.00,103671,71.27,9.95,-4.25
9-August-2023,1382.20,1396.00,1382.20,1394.30,1389.396434339558664751,672414,22678,934249614.00,532787,79.23,13.80,12.10
8-August-2023,1397.85,1397.85,1384.60,1390.35,1390.154663167537322670,201955,9972,280748685.00,158289,78.38,13.25,-7.50
7-August-2023,1380.05,1394.00,1376.50,1392.75,1384.826702263837532173,364823,18531,505216632.00,209484,57.42,17.50,12.70
4-August-2023,1368.00,1385.95,1362.90,1378.40,1378.571305015620223529,804726,27016,1109372172.00,310992,38.65,23.05,10.40
3-August-2023,1350.00,1367.00,1348.10,1365.35,1356.989545143354383809,312582,14907,424170506.00,245058,78.40,18.90,15.35
2-August-2023,1367.05,1370.40,1348.30,1356.80,1357.272785813138214505,458114,23818,621785665.00,262314,57.26,22.10,-10.25
1-August-2023,1358.00,1369.30,1357.10,1365.25,1363.945110918133733322,316675,7858,431927318.00,195794,61.83,12.20,7.25
31-July-2023,1342.55,1357.00,1333.80,1355.10,1348.868257362910778434,143082,6804,192998768.00,74022,51.73,23.20,12.55
28-July-2023,1350.35,1363.65,1335.55,1340.35,1341.861792255443242155,690627,25774,926725984.00,239545,34.69,28.10,-10.00
27-July-2023,1353.05,1363.70,1346.85,1352.85,1356.518554671033279812,533747,27771,724037709.00,336993,63.14,16.85,-0.20
26-July-2023,1341.00,1350.50,1339.20,1348.85,1345.258235428125101702,460905,21918,620036247.00,304118,65.98,11.30,7.85
25-July-2023,1332.05,1342.50,1324.25,1334.60,1335.802421438178650094,478063,26115,638597713.00,287434,60.12,18.25,2.55
24-July-2023,1335.05,1349.90,1334.15,1337.25,1337.914433418068048494,409120,15192,547367553.00,263988,64.53,15.75,2.20
21-July-2023,1321.00,1350.00,1311.60,1330.40,1332.308187275175845018,1625437,57031,2165583023.00,580935,35.74,38.40,9.40
20-July-2023,1474.00,1474.00,1440.85,1448.85,1450.181720863567141449,223260,11682,323767571.00,89144,39.93,33.15,-25.15
19-July-2023,1482.35,1499.00,1460.95,1474.35,1478.606506615489656954,270955,11697,400635826.00,91747,33.86,38.05,-8.00
18-July-2023,1433.90,1477.65,1429.35,1475.00,1457.734648280010598505,418927,18874,610684403.00,153085,36.54,48.30,41.10
17-July-2023,1425.00,1458.80,1414.25,1422.75,1436.089218852219422908,287372,12582,412691831.00,103529,36.03,44.55,-2.25
14-July-2023,1379.00,1429.70,1379.00,1425.35,1407.350111498052234196,1050691,54337,1478690096.00,696051,66.25,50.70,46.35
13-July-2023,1333.00,1376.80,1330.10,1365.30,1363.991192811702288371,774481,35306,1056385263.00,560335,72.35,46.70,32.30
12-July-2023,1351.30,1351.30,1326.75,1333.35,1335.504086122634062778,297715,20420,397599599.00,170508,57.27,24.55,-17.95
11-July-2023,1339.95,1351.00,1327.45,1349.15,1346.391888503548357106,354953,7246,477905840.00,271505,76.49,23.55,9.20
10-July-2023,1331.20,1341.50,1319.15,1329.10,1330.162177131233012530,292495,16020,389065786.00,184590,63.11,22.35,-2.10
7-July-2023,1333.00,1345.95,1325.15,1331.15,1333.207065623221587339,607986,29104,810571231.00,186246,30.63,20.80,-1.85
6-July-2023,1343.85,1347.25,1337.70,1343.90,1342.588883385481474322,165554,7650,222270960.00,115719,69.90,9.55,0.05
5-July-2023,1354.00,1356.00,1341.15,1346.60,1347.646045464169537851,155859,6586,210042765.00,88420,56.73,14.85,-7.40
4-July-2023,1343.00,1345.70,1331.15,1344.80,1338.235670947366323612,100373,5703,134322729.00,46905,46.73,14.55,1.80
3-July-2023,1333.90,1346.05,1328.60,1333.20,1336.221610801864439147,141383,7840,188919020.00,64982,45.96,17.45,-0.70
30-June-2023,1303.00,1338.85,1303.00,1335.20,1326.599553181897806340,1204517,54032,1597911714.00,879824,73.04,35.85,32.20
28-June-2023,1287.05,1296.00,1281.40,1293.65,1290.677418289046560995,121067,6765,156258443.00,58445,48.27,14.60,6.60
27-June-2023,1275.05,1282.00,1274.55,1278.95,1278.866041421747510018,228817,13343,292626291.00,130380,56.98,7.45,3.90
26-June-2023,1268.05,1273.00,1262.30,1270.40,1270.228816238458450421,398560,19941,506262397.00,294114,73.79,10.70,2.35
23-June-2023,1276.00,1279.40,1263.60,1265.65,1270.790617303002552382,492481,35627,625840234.00,324439,65.88,15.80,-10.35
22-June-2023,1292.75,1292.75,1273.35,1282.60,1283.192979208658412289,437586,28926,561507283.00,311145,71.10,19.40,-10.15
21-June-2023,1303.50,1304.00,1295.10,1301.40,1300.830220350363181346,393192,9858,511476036.00,348521,88.64,8.90,-2.10
20-June-2023,1293.20,1304.40,1291.00,1303.15,1299.946475541620209810,324674,18584,422058822.00,213813,65.85,13.40,9.95
19-June-2023,1292.65,1299.00,1287.20,1295.25,1293.324983825080431449,564145,23180,729622823.00,420111,74.47,11.80,2.60
16-June-2023,1286.75,1301.20,1281.15,1292.65,1286.769673108381623090,180335,9031,232049609.00,113363,62.86,20.05,5.90
15-June-2023,1296.00,1296.00,1283.15,1286.75,1288.172155391865342228,509499,21656,656322425.00,357495,70.17,12.85,-9.25
14-June-2023,1306.00,1307.70,1293.05,1301.45,1298.302960208821669527,420646,20131,546125947.00,235325,55.94,14.65,-4.55
13-June-2023,1299.90,1306.20,1297.25,1305.35,1303.677443931026710244,221825,12818,289188249.00,159183,71.76,8.95,5.45
12-June-2023,1271.10,1295.00,1271.10,1291.90,1288.056137779592209326,394369,18912,507969411.00,242278,61.43,23.90,20.80
9-June-2023,1283.10,1283.10,1264.20,1266.00,1268.796919613735282480,374044,43112,474585875.00,266462,71.24,18.90,-17.10
8-June-2023,1284.00,1292.00,1281.10,1283.10,1287.479109709534917056,383695,25129,493999297.00,248489,64.76,10.90,-0.90
7-June-2023,1285.10,1293.60,1282.45,1289.00,1287.991422888468442245,309195,18796,398240508.00,164064,53.06,11.15,3.90
6-June-2023,1290.00,1290.00,1273.15,1279.10,1279.094429730728904673,495003,50057,633155580.00,332039,67.08,16.85,-10.90
5-June-2023,1300.05,1309.50,1297.20,1304.95,1306.083858176391034703,228481,9438,298415346.00,175438,76.78,12.30,4.90
2-June-2023,1311.15,1311.80,1296.10,1298.65,1303.536074518183515548,241015,11215,314171747.00,172927,71.75,15.70,-12.50
1-June-2023,1322.10,1329.50,1317.60,1319.45,1323.370419081498853161,252433,15543,334062365.00,144257,57.15,11.90,-2.65
31-May-2023,1320.00,1331.05,1314.00,1322.10,1325.467813804173354735,155750,6818,206441612.00,65107,41.80,17.05,2.10
30-May-2023,1314.00,1326.05,1309.25,1322.90,1318.244079801938427719,90073,6643,118738199.00,40341,44.79,16.80,8.90
29-May-2023,1332.10,1332.15,1310.50,1314.30,1315.289051603905160390,172080,9536,226334940.00,115213,66.95,21.65,-17.80
26-May-2023,1309.00,1323.10,1307.00,1317.30,1317.018140797697684953,337747,19613,444818926.00,230768,68.33,16.10,8.30
25-May-2023,1295.00,1307.00,1289.20,1304.50,1296.473698107953699836,208293,7546,270046396.00,157547,75.64,17.80,9.50
24-May-2023,1297.00,1305.20,1291.05,1298.45,1301.567253330493205882,450684,15173,586595536.00,373544,82.88,14.15,1.45
23-May-2023,1293.30,1313.75,1293.30,1299.60,1308.098609918958386747,1076484,31286,1408147224.00,779797,72.44,20.45,6.30
22-May-2023,1270.60,1296.20,1270.60,1293.05,1287.133846293522175314,308406,9565,396959801.00,198312,64.30,25.60,22.45
19-May-2023,1252.20,1273.10,1252.20,1268.85,1267.717145465493463861,257415,8516,326329409.00,176399,68.53,20.90,16.65
18-May-2023,1256.00,1259.40,1243.00,1245.90,1253.614663114083207077,574230,31463,719863148.00,419275,73.02,16.40,-10.10
17-May-2023,1264.45,1264.45,1242.35,1247.45,1247.244245788103541431,508975,13615,634816140.00,429160,84.32,22.10,-17.00
16-May-2023,1265.00,1273.50,1262.50,1264.15,1268.878724589528919167,500827,22246,635488725.00,338804,67.65,11.00,-0.85
15-May-2023,1249.05,1268.50,1245.55,1258.75,1262.485257061514530562,522657,23716,659846757.00,303813,58.13,22.95,9.70
12-May-2023,1256.10,1256.10,1239.00,1245.55,1247.518590631867889390,566495,42582,706713044.00,403992,71.31,17.10,-10.55
11-May-2023,1270.00,1275.55,1253.35,1256.10,1264.302623952202603887,269136,12426,340269351.00,201705,74.95,22.20,-13.90
10-May-2023,1275.00,1275.45,1259.80,1263.10,1264.392882259011971836,241734,11135,305646749.00,192307,79.55,15.65,-11.90
9-May-2023,1267.95,1272.00,1260.40,1270.60,1268.537105276321462344,419819,17486,532555979.00,291281,69.38,11.60,2.65
8-May-2023,1260.15,1270.70,1255.05,1266.25,1265.389038766817893978,230558,12851,291745566.00,177245,76.88,15.65,6.10
5-May-2023,1276.55,1277.00,1254.05,1259.05,1263.155257907109978466,303714,24520,383637936.00,157403,51.83,22.95,-17.50
4-May-2023,1271.80,1275.50,1262.35,1273.55,1270.994009086999194962,362716,18188,461009863.00,206716,56.99,13.15,1.75
3-May-2023,1269.90,1272.50,1262.20,1269.35,1268.842625369794933539,416109,19393,527976836.00,268678,64.57,10.30,-0.55
2-May-2023,1254.95,1279.75,1254.95,1277.65,1270.933155906683361536,190877,8580,242591908.00,82849,43.40,24.80,22.70
28-April-2023,1255.00,1259.20,1245.10,1252.55,1252.339949227886971077,451035,25340,564849149.00,244153,54.13,14.10,-2.45
27-April-2023,1228.05,1248.60,1225.30,1246.55,1237.469933460992712394,145178,7243,179653410.00,68126,46.93,23.30,18.50
26-April-2023,1227.50,1233.00,1220.75,1227.50,1227.169684157803246810,135764,7587,166605465.00,84643,62.35,12.25,0.00
25-April-2023,1226.30,1235.00,1215.45,1224.55,1226.473817149882373603,432726,31804,530727109.00,238541,55.13,19.55,-1.75
24-April-2023,1230.00,1231.00,1218.05,1226.30,1223.127502588414800283,367020,26723,448912256.00,195559,53.28,12.95,-3.70
21-April-2023,1227.00,1233.45,1220.00,1227.45,1226.908758260201003415,561881,34362,689376720.00,402007,71.55,13.45,0.45
20-April-2023,1232.00,1237.90,1221.85,1223.85,1227.765819920789317904,731467,52016,898070181.00,495760,67.78,16.05,-8.15
19-April-2023,1257.60,1257.60,1230.00,1232.20,1239.046420226103827170,819535,62302,1015441908.00,571804,69.77,27.60,-25.40
18-April-2023,1266.30,1274.30,1252.85,1260.95,1260.989312205106256665,579446,27224,730675213.00,365492,63.08,21.45,-5.35
17-April-2023,1249.75,1300.00,1219.00,1258.10,1240.433975278390533102,1697705,69387,2105890962.00,843465,49.68,81.00,8.35
13-April-2023,1413.00,1413.00,1383.60,1388.60,1393.808314121840761594,609878,44382,850053027.00,426682,69.96,29.40,-24.40
12-April-2023,1412.00,1431.55,1400.00,1428.45,1417.964743249965342618,245258,12805,347767197.00,126314,51.50,31.55,16.45
11-April-2023,1430.75,1433.05,1389.00,1407.05,1402.129186615347706814,383484,10470,537694109.00,246919,64.39,44.05,-23.70
10-April-2023,1422.00,1433.95,1414.20,1427.30,1429.085303521171691679,282122,12773,403176404.00,149665,53.05,19.75,5.30
6-April-2023,1423.30,1427.95,1410.50,1422.10,1420.216043765572527353,92310,6657,131100143.00,38881,42.12,17.45,-1.20
5-April-2023,1396.00,1427.00,1396.00,1423.35,1419.710065162793854786,176788,12937,250987703.00,98472,55.70,31.00,27.35
3-April-2023,1431.05,1438.00,1405.35,1410.95,1413.574471077358507150,113769,6714,160820954.00,56411,49.58,32.65,-20.10
31-March-2023,1408.00,1430.00,1394.00,1427.70,1414.958728872850462127,135785,7238,192130171.00,58147,42.82,36.00,19.70
29-March-2023,1377.60,1389.00,1365.00,1383.50,1373.688989744606876596,171422,12118,235480514.00,105976,61.82,24.00,5.90
28-March-2023,1391.50,1397.50,1376.00,1377.40,1384.740395992152046608,133538,6830,184915463.00,93086,69.71,21.50,-14.10
27-March-2023,1384.00,1395.75,1374.05,1388.90,1388.099674738764439545,92541,6062,128456132.00,45673,49.35,21.70,4.90
24-March-2023,1386.00,1399.00,1378.00,1380.45,1390.895605226613380020,218191,12232,303480903.00,149366,68.46,21.00,-5.55
23-March-2023,1383.50,1383.50,1370.40,1374.50,1376.673968179582714288,388367,32440,534654739.00,212948,54.83,13.10,-9.00
22-March-2023,1402.00,1406.65,1382.20,1389.45,1390.492740102176339740,245458,21757,341307567.00,132293,53.90,24.45,-12.55
21-March-2023,1403.80,1405.60,1390.05,1391.05,1395.065875050060072086,249700,30172,348347949.00,189503,75.89,15.55,-12.75
20-March-2023,1418.80,1419.65,1385.70,1403.80,1400.039858344033467257,241430,25152,338011623.00,137141,56.80,33.95,-15.00
17-March-2023,1429.00,1442.65,1411.60,1420.85,1431.551512230389203518,248970,20175,356413380.00,110346,44.32,31.05,-8.15
16-March-2023,1413.30,1416.30,1399.20,1406.20,1407.407256987121252605,205843,11554,289704932.00,139599,67.82,17.10,-7.10
15-March-2023,1435.10,1441.90,1416.90,1419.35,1424.523339478334696680,419311,27150,597318306.00,325889,77.72,25.00,-15.75
14-March-2023,1439.70,1448.40,1411.20,1421.05,1425.557496687739879611,819682,23283,1168503820.00,209646,25.58,37.20,-18.65
13-March-2023,1462.00,1478.35,1428.00,1434.80,1447.123406264756807807,273179,17793,395323725.00,179639,65.76,50.35,-27.20
10-March-2023,1460.00,1474.50,1457.10,1471.35,1466.938890456659308883,258683,16951,379472153.00,186984,72.28,17.40,11.35
9-March-2023,1495.20,1498.60,1475.00,1480.75,1485.618716240547353258,111080,7477,165022527.00,68932,62.06,23.60,-14.45
8-March-2023,1488.00,1494.75,1481.45,1492.50,1488.144260523601355665,162872,17536,242377032.00,105819,64.97,13.30,4.50
6-March-2023,1489.90,1520.00,1489.90,1507.55,1510.649755476052639865,412843,20515,623661177.00,256097,62.03,30.10,17.65
3-March-2023,1489.00,1489.00,1473.60,1479.80,1480.005962059620596205,99630,4883,147452994.00,60841,61.07,15.40,-9.20
2-March-2023,1489.95,1489.95,1467.90,1472.10,1474.463750496125002611,239355,23212,352920271.00,176480,73.73,22.05,-17.85
1-March-2023,1492.00,1501.00,1481.75,1496.65,1494.452394636549803864,179213,9566,267825297.00,146896,81.97,19.25,4.65
28-February-2023,1519.40,1523.80,1481.30,1487.30,1501.768205690145515757,277427,19456,416631048.00,188480,67.94,42.50,-32.10
27-February-2023,1544.95,1544.95,1502.05,1509.40,1511.088673541655870515,289455,21716,437392172.00,204944,70.80,42.90,-35.55
24-February-2023,1555.05,1569.00,1546.70,1551.45,1552.625522795406116629,327566,10112,508587332.00,266860,81.47,22.30,-3.60
23-February-2023,1570.00,1570.00,1548.00,1551.50,1557.188717214247836944,220637,20041,343573447.00,158179,71.69,22.00,-18.50
22-February-2023,1564.00,1575.00,1556.05,1562.55,1567.930246137261947538,155848,9137,244358793.00,127859,82.04,18.95,-1.45
21-February-2023,1599.00,1601.15,1575.90,1579.25,1586.936652307692307692,243750,20092,386815809.00,197867,81.18,25.25,-19.75
20-February-2023,1589.00,1602.45,1582.60,1593.25,1594.509954434451128715,134312,8429,214161821.00,98291,73.18,19.85,4.25
17-February-2023,1585.00,1595.00,1575.30,1583.45,1588.187118142645829313,217686,10562,345726101.00,145363,66.78,19.70,-1.55
16-February-2023,1600.10,1613.95,1598.25,1601.95,1606.667096637503427303,160476,6359,257831509.00,119625,74.54,15.70,1.85
15-February-2023,1584.00,1599.00,1576.35,1596.85,1589.774473952400935195,83405,4052,132595140.00,53895,64.62,22.65,12.85
14-February-2023,1582.05,1595.70,1578.75,1592.65,1590.911764371453803266,263839,4832,419744569.00,220517,83.58,16.95,10.60
13-February-2023,1598.00,1598.00,1565.60,1567.40,1572.922288319924526324,190795,7472,300105708.00,113816,59.65,32.40,-30.60
10-February-2023,1610.05,1616.25,1596.20,1607.95,1608.928344354394709890,337838,12236,543557134.00,207362,61.38,20.05,-2.10
9-February-2023,1590.00,1620.00,1586.50,1617.70,1606.020927792558174392,106748,7387,171439522.00,52504,49.18,33.50,27.70
8-February-2023,1560.05,1602.55,1560.05,1589.70,1593.897660503615212114,194871,8555,310604431.00,118608,60.86,42.50,29.65
7-February-2023,1561.05,1576.00,1558.00,1562.35,1567.182238635971421668,202811,15997,317841797.00,124420,61.35,18.00,1.30
6-February-2023,1598.00,1598.00,1561.90,1570.50,1570.836256161051177894,173063,19960,271853635.00,113276,65.45,36.10,-27.50
3-February-2023,1592.25,1604.40,1573.35,1599.15,1593.520938905531047938,231674,11074,369177370.00,134095,57.88,31.05,6.90
2-February-2023,1553.70,1586.75,1552.25,1583.30,1577.593267461600235837,196746,16889,310385165.00,122893,62.46,34.50,29.60
1-February-2023,1540.00,1555.00,1528.20,1549.45,1540.175490470292084548,250270,15500,385459720.00,190163,75.98,26.80,9.45
31-January-2023,1546.00,1547.60,1513.00,1533.15,1523.147570716260604485,169268,16145,257820143.00,94612,55.89,34.60,-12.85
30-January-2023,1529.00,1543.75,1520.05,1539.10,1534.024341082522062430,169179,12072,259524704.00,111242,65.75,23.70,10.10
27-January-2023,1543.00,1550.80,1507.65,1518.25,1538.070338584520204014,1405587,11743,2161891673.00,1327041,94.41,43.15,-24.75
25-January-2023,1540.00,1555.50,1539.00,1542.90,1546.770500581905938296,140057,9963,216636036.00,79507,56.77,16.50,2.90
24-January-2023,1558.30,1568.80,1549.35,1552.35,1563.588121582170537930,659044,14326,1030473370.00,591800,89.80,19.45,-5.95
23-January-2023,1534.00,1552.90,1528.70,1547.80,1542.704542849731868715,165777,7795,255744931.00,112267,67.72,24.20,13.80
20-January-2023,1539.00,1544.25,1523.45,1525.45,1533.187137467578401320,254460,18625,390134799.00,181827,71.46,20.80,-13.55
19-January-2023,1539.80,1549.40,1526.00,1541.30,1540.888296419606976109,230673,10768,355441326.00,169066,73.29,23.40,1.50
18-January-2023,1547.00,1551.30,1539.20,1545.05,1546.861295309948318880,252897,14299,391196581.00,151379,59.86,12.10,-1.95
17-January-2023,1527.00,1542.00,1525.35,1539.75,1535.795275239581011811,246785,9565,379011237.00,185355,75.11,16.65,12.75
16-January-2023,1514.00,1528.00,1502.50,1525.25,1518.937674709550462959,153469,10298,233109846.00,62100,40.46,25.50,11.25
13-January-2023,1489.95,1519.20,1468.00,1503.50,1496.719649359596215220,284508,16063,425828714.00,119663,42.06,51.20,13.55
12-January-2023,1482.00,1485.00,1455.25,1480.55,1471.167882730139462469,227373,14892,334503855.00,85115,37.43,29.75,-1.45
11-January-2023,1470.00,1494.00,1463.40,1471.45,1479.367515134562745999,300306,15477,444262941.00,169572,56.47,30.60,1.45
10-January-2023,1484.40,1484.40,1454.40,1470.40,1463.519297742623683478,237178,16113,347114580.00,144666,60.99,30.00,-14.00
9-January-2023,1444.00,1489.10,1444.00,1484.50,1478.820300032959896616,306433,18926,453159341.00,177341,57.87,45.10,40.50
6-January-2023,1470.00,1474.60,1447.00,1448.85,1457.129755381968504203,295849,33787,431090381.00,209825,70.92,27.60,-21.15
5-January-2023,1501.00,1505.00,1470.00,1475.20,1480.048770381810220215,424766,35612,628674396.00,295667,69.61,35.00,-25.80
4-January-2023,1522.90,1522.90,1492.05,1494.90,1502.164598129734848484,337920,26400,507611461.00,254589,75.34,30.85,-28.00
3-January-2023,1521.00,1533.00,1515.30,1522.55,1527.485625168336272882,230194,12613,351618026.00,138229,60.05,17.70,1.55
2-January-2023,1513.00,1526.30,1505.00,1524.30,1517.358820273006715906,137286,10943,208312123.00,62193,45.30,21.30,11.30
30-December-2022,1525.15,1530.00,1504.00,1508.70,1521.439758387259816553,241378,12625,367242086.00,202560,83.92,26.00,-16.45
29-December-2022,1502.00,1521.00,1501.20,1517.50,1511.686290314455269972,198502,13696,300072752.00,127363,64.16,19.80,15.50
28-December-2022,1505.00,1524.95,1498.85,1510.85,1509.695728703305113120,209070,16513,315632086.00,129305,61.85,26.10,5.85
27-December-2022,1510.00,1521.10,1498.15,1515.50,1510.179806493227262954,116275,9225,175596157.00,83345,71.68,22.95,5.50
26-December-2022,1497.65,1509.90,1496.15,1502.25,1505.825382153220257859,334290,14616,503382367.00,255674,76.48,13.75,4.60
23-December-2022,1508.00,1509.80,1493.60,1497.55,1501.390692800041573199,230918,15731,346698136.00,146829,63.58,16.20,-10.45
22-December-2022,1517.55,1529.00,1512.20,1521.05,1522.123916799340383347,368699,23768,561205566.00,179660,48.73,16.80,3.50
21-December-2022,1513.00,1520.40,1502.75,1509.80,1510.418504706625364650,332510,27042,502229257.00,211628,63.65,17.65,-3.20
20-December-2022,1504.00,1517.45,1483.00,1507.50,1497.022294778163513822,319447,30678,478219281.00,185138,57.96,34.45,3.50
19-December-2022,1515.00,1516.50,1494.95,1507.60,1507.586716352476983779,250910,23036,378268583.00,145572,58.02,21.55,-7.40
16-December-2022,1529.80,1548.95,1512.00,1522.35,1534.643794746738484763,223899,12860,343605211.00,137034,61.20,36.95,-7.45
15-December-2022,1567.00,1570.45,1535.60,1539.40,1550.043375806402038160,292813,26786,453872851.00,196596,67.14,34.85,-27.60
14-December-2022,1578.00,1588.10,1572.20,1580.25,1582.047799805322210050,327721,16378,518470287.00,237187,72.37,15.90,2.25
13-December-2022,1548.00,1577.70,1541.60,1572.70,1562.093074339865673014,86952,7335,135827117.00,41766,48.03,36.10,24.70
12-December-2022,1557.00,1565.60,1530.90,1547.10,1543.882486720916351217,264702,15653,408668782.00,162728,61.48,34.70,-9.90
9-December-2022,1625.00,1629.90,1562.00,1568.85,1574.775187074050554184,305494,23635,481084371.00,233021,76.28,67.90,-56.15
8-December-2022,1605.05,1623.10,1598.40,1619.95,1609.061768876949974112,133271,10396,214441271.00,99623,74.75,24.70,14.90
7-December-2022,1612.95,1623.90,1597.25,1605.05,1614.578346332584223959,98339,7838,158776020.00,65005,66.10,26.65,-7.90
6-December-2022,1621.00,1625.00,1607.50,1612.85,1616.528702513409282326,157913,12934,255270897.00,73205,46.36,17.50,-8.15
5-December-2022,1634.50,1644.50,1623.00,1640.50,1633.603425147199395940,124491,11233,203368924.00,66860,53.71,21.50,6.00
2-December-2022,1652.20,1661.00,1634.10,1638.55,1644.468153889264795336,146313,12988,240607069.00,81653,55.81,26.90,-13.65
1-December-2022,1652.00,1672.45,1652.00,1657.60,1661.186385200391164846,123733,6221,205543575.00,48993,39.60,20.45,5.60
30-November-2022,1620.00,1645.00,1613.70,1632.40,1627.437610143993122716,116325,5447,189311680.00,65366,56.19,31.30,12.40
29-November-2022,1618.90,1638.40,1615.00,1628.30,1626.448441480471855782,61629,4056,100236391.00,29484,47.84,23.40,9.40
28-November-2022,1628.00,1653.00,1619.85,1623.25,1637.832944871071419809,81518,5814,133512866.00,43244,53.05,33.15,-4.75
25-November-2022,1629.80,1643.90,1608.65,1630.75,1627.396505309646685192,322432,18543,524724710.00,249929,77.51,35.25,0.95
24-November-2022,1588.00,1635.00,1584.60,1629.80,1613.930339356640127560,554402,29751,894766208.00,454575,81.99,50.40,41.80
23-November-2022,1592.00,1592.00,1579.30,1583.40,1585.430095880397607525,187421,9295,297142894.00,117950,62.93,12.70,-8.60
22-November-2022,1567.20,1587.95,1562.10,1585.60,1574.588684812518648675,60326,3205,94988637.00,28897,47.90,25.85,18.40
21-November-2022,1589.50,1589.50,1565.00,1567.20,1571.374698186310292548,53427,3888,83953836.00,20272,37.94,24.50,-22.30
18-November-2022,1592.00,1598.00,1575.85,1592.90,1586.544949635704901063,50234,3073,79698499.00,,,22.15,0.90
17-November-2022,1595.00,1602.95,1583.40,1586.85,1593.209403836581536929,52234,3378,83219700.00,18494,35.41,19.55,-8.15
16-November-2022,1594.00,1608.75,1592.85,1602.20,1601.684427667605933329,94045,5000,150630412.00,49773,52.92,15.90,8.20
15-November-2022,1560.05,1597.25,1560.05,1593.70,1583.655834543195032874,420847,7209,666476807.00,396247,94.15,37.20,33.65
14-November-2022,1572.00,1591.00,1569.00,1584.00,1570.519943746395496056,5033633,7286,7905421016.00,4976908,98.87,22.00,12.00
11-November-2022,1535.25,1573.00,1535.25,1570.05,1563.231689867348844242,872891,43487,1364530873.00,703633,80.61,37.75,34.80
10-November-2022,1482.00,1511.40,1482.00,1502.25,1501.820212678262303190,60655,3620,91092905.00,25783,42.51,29.40,20.25
9-November-2022,1527.00,1527.00,1501.00,1510.25,1515.172534156279961649,66752,5435,101140797.00,33813,50.65,26.00,-16.75
7-November-2022,1515.00,1526.95,1491.00,1507.05,1505.486184568236864218,80924,6479,121829964.00,37782,46.69,35.95,-7.95
4-November-2022,1522.70,1522.70,1501.25,1513.90,1509.500212823155159281,89276,5992,134762141.00,40775,45.67,21.45,-8.80
3-November-2022,1541.00,1544.00,1522.25,1530.50,1532.360610890107545772,79687,5949,122109220.00,35542,44.60,21.75,-10.50
2-November-2022,1574.00,1574.00,1545.00,1552.45,1553.624292365483307761,75604,4952,117460211.00,34049,45.04,29.00,-21.55
1-November-2022,1550.00,1574.50,1547.60,1572.75,1560.627463413137521604,488905,29518,762998570.00,386426,79.04,26.90,22.75
31-October-2022,1522.20,1546.20,1522.20,1537.90,1537.859226964863844916,100694,6276,154853197.00,51263,50.91,24.00,15.70
28-October-2022,1521.00,1526.00,1507.40,1512.60,1516.274870237777732187,48743,3940,73907786.00,19543,40.09,18.60,-8.40
27-October-2022,1526.05,1534.60,1513.00,1522.60,1522.802733636019674612,105720,6986,160990705.00,53567,50.67,21.60,-3.45
25-October-2022,1525.00,1532.65,1521.10,1525.75,1517.711687987024186480,2696093,5008,4091891858.00,2660370,98.68,11.55,0.75
24-October-2022,1516.05,1521.80,1511.25,1517.40,1518.339551826912462744,54354,4825,82527828.00,,,10.55,1.35
21-October-2022,1500.90,1505.90,1491.20,1500.10,1499.837885143019332050,63418,4011,95116719.00,22926,36.15,14.70,-0.80
20-October-2022,1477.00,1503.90,1476.00,1500.30,1494.329310274998987485,74073,4981,110689455.00,25549,34.49,27.90,23.30
19-October-2022,1507.45,1507.45,1481.85,1485.00,1490.057410713171133608,80107,5644,119364029.00,35477,44.29,25.60,-22.45
18-October-2022,1507.00,1510.00,1497.05,1503.55,1503.957110341708617225,269762,18105,405710478.00,185393,68.72,12.95,-3.45
17-October-2022,1475.00,1495.00,1475.00,1490.20,1474.712142380711922401,4245856,9133,6261415398.00,4162262,98.03,20.00,15.20
14-October-2022,1487.70,1494.00,1468.00,1474.05,1479.579364270061125658,519749,17418,769009895.00,123484,23.76,26.00,-13.65
13-October-2022,1434.45,1437.60,1415.85,1419.75,1424.402719040370459124,296281,16856,422023462.00,167804,56.64,21.75,-14.70
12-October-2022,1446.00,1446.00,1414.20,1428.85,1431.978320083444574751,370066,17245,529926489.00,257068,69.47,31.80,-17.15
11-October-2022,1462.00,1479.00,1420.20,1423.90,1461.842855846018118729,5673135,27247,8293231870.00,5395973,95.11,58.80,-38.10
10-October-2022,1423.35,1465.00,1423.35,1462.70,1447.049859091137839061,238452,15714,345051933.00,133455,55.97,41.65,39.35
7-October-2022,1450.00,1457.20,1440.90,1451.75,1449.443476951301323913,73041,6688,105868801.00,36575,50.07,16.30,1.75
6-October-2022,1441.00,1459.40,1441.00,1454.95,1453.128009246518795751,363380,22302,528037656.00,239782,65.99,18.40,13.95
4-October-2022,1419.00,1432.20,1414.00,1429.80,1427.432482095471795018,175235,8444,250136131.00,92072,52.54,18.20,10.80
3-October-2022,1411.00,1411.00,1387.00,1394.00,1400.441201443430269581,160174,9405,224314269.00,85150,53.16,24.00,-17.00
30-September-2022,1386.05,1419.70,1376.00,1413.10,1394.398966290031562472,192317,13004,268166626.00,106699,55.48,43.70,27.05
29-September-2022,1406.00,1409.25,1393.00,1397.55,1399.377513962982442958,159708,6823,223491784.00,100270,62.78,16.25,-8.45
28-September-2022,1381.90,1405.70,1378.00,1394.45,1399.958801058656340856,306804,10083,429512960.00,226041,73.68,27.70,12.55
27-September-2022,1395.00,1406.00,1378.80,1392.20,1391.994929441224422931,512764,11226,713764888.00,386953,75.46,27.20,-2.80
26-September-2022,1363.50,1398.90,1355.50,1379.75,1375.233080475515995168,623407,19996,857329929.00,,,43.40,16.25
23-September-2022,1367.80,1394.60,1362.00,1365.25,1377.687682564905475194,256758,13451,353732334.00,107787,41.98,32.60,-2.55
22-September-2022,1376.00,1383.75,1360.05,1367.80,1371.706449697239631385,188598,12798,258701093.00,104254,55.28,23.70,-8.20
21-September-2022,1381.00,1388.45,1368.60,1376.55,1377.468759659860504588,177927,10180,245088884.00,82748,46.51,19.85,-4.45
20-September-2022,1412.00,1413.85,1385.20,1388.35,1400.224653403565896874,315713,25515,442069126.00,169657,53.74,28.65,-23.65
19-September-2022,1386.00,1406.00,1380.60,1390.30,1378.841510813674986218,3366848,33438,4642349783.00,3155665,93.73,25.40,4.30
16-September-2022,1425.00,1425.00,1368.60,1379.15,1395.224945249765356137,460272,30514,642182976.00,293369,63.74,56.40,-45.85
15-September-2022,1473.35,1475.25,1429.40,1432.05,1444.626854351599848859,365222,21801,527609509.00,203788,55.80,45.85,-41.30
14-September-2022,1500.00,1500.00,1471.10,1475.00,1481.167923794405737758,760994,60820,1127159903.00,410793,53.98,28.90,-25.00
13-September-2022,1552.00,1553.00,1541.10,1545.00,1548.189038905177246950,108803,4931,168447612.00,42781,39.32,11.90,-7.00
12-September-2022,1525.00,1545.00,1523.55,1535.60,1538.533983732117989618,379152,21412,583338237.00,214049,56.45,21.45,10.60
9-September-2022,1489.10,1519.80,1480.00,1511.85,1498.666864833341826190,353238,24359,529386086.00,,,39.80,22.75
8-September-2022,1472.00,1480.00,1464.00,1475.95,1472.372447396418228027,270704,16135,398577111.00,123825,45.74,16.00,3.95
7-September-2022,1442.00,1465.75,1437.30,1457.80,1451.823956086053591951,198388,18061,288024451.00,75614,38.11,28.45,15.80
6-September-2022,1461.55,1469.70,1446.00,1455.35,1454.851441626420659938,103737,5949,150921924.00,53874,51.93,23.70,-6.20
5-September-2022,1451.00,1467.00,1447.00,1460.85,1459.056842665585156269,78902,5395,115122503.00,32964,41.78,20.00,9.85
2-September-2022,1480.00,1480.00,1448.30,1452.90,1456.255791625769895118,233311,24128,339760495.00,,,31.70,-27.10
1-September-2022,1465.00,1468.20,1451.50,1464.40,1458.724933481870615850,587058,32034,856356142.00,437079,74.45,16.70,-0.60
30-August-2022,1470.00,1495.95,1466.00,1493.20,1480.290531810880648089,229104,17259,339140482.00,109592,47.84,29.95,23.20
29-August-2022,1453.35,1468.85,1450.00,1462.00,1458.452587781649948605,528271,49011,770458207.00,350660,66.38,18.85,8.65
26-August-2022,1536.00,1544.05,1518.05,1521.85,1533.252063512232828772,188877,11776,289596050.00,84831,44.91,26.00,-14.15
25-August-2022,1545.35,1549.00,1514.00,1518.85,1536.067210056381272330,290522,12150,446261318.00,235415,81.03,35.00,-26.50
24-August-2022,1537.00,1546.00,1531.15,1537.30,1538.728436954697226767,165619,10813,254842665.00,74265,44.84,14.85,0.30
23-August-2022,1546.55,1554.85,1533.00,1542.55,1541.957400219567943080,166691,10166,257030421.00,90238,54.13,21.85,-4.00
22-August-2022,1585.00,1599.55,1573.85,1575.45,1587.700535269200909821,367105,19445,582852805.00,219272,59.73,25.70,-9.55
19-August-2022,1584.00,1604.70,1584.00,1597.40,1597.453678451319289909,239068,11155,381900056.00,169510,70.90,20.70,13.40
18-August-2022,1589.00,1600.00,1574.00,1582.70,1583.362010511891818866,310886,23128,492245082.00,,,26.00,-6.30
17-August-2022,1594.00,1612.00,1585.45,1606.75,1604.481197906004152896,170965,7247,274310128.00,104742,61.27,26.55,12.75
16-August-2022,1601.20,1608.45,1591.10,1595.80,1598.722371852421871660,140346,11135,224374290.00,72615,51.74,17.35,-5.40
12-August-2022,1610.55,1613.70,1590.00,1594.50,1597.093646401012495631,211754,7192,338190968.00,147747,69.77,23.70,-16.05
11-August-2022,1625.00,1631.00,1616.15,1619.70,1621.107670636575368937,196646,11000,318784339.00,138432,70.40,14.85,-5.30
10-August-2022,1619.00,1620.25,1588.50,1601.40,1598.230659244804546639,222406,9819,355456088.00,128838,57.93,31.75,-17.60
8-August-2022,1616.10,1621.85,1596.00,1619.10,1610.158904171773571201,176232,9415,283761524.00,101336,57.50,25.85,3.00
5-August-2022,1610.00,1625.60,1603.65,1616.55,1616.063181664426830494,109383,7627,176769839.00,51686,47.25,21.95,6.55
4-August-2022,1583.00,1603.70,1574.90,1599.65,1592.158347199112590127,230784,10165,367444672.00,73643,31.91,28.80,16.65
3-August-2022,1544.00,1570.00,1540.30,1565.15,1558.721272444228425716,141963,7416,221280748.00,69999,49.31,29.70,21.15
2-August-2022,1549.00,1549.00,1528.65,1542.90,1536.347464337171116678,77041,5527,118361745.00,31812,41.29,20.35,-6.10
1-August-2022,1570.00,1570.00,1537.70,1550.60,1549.708835090804541275,4624163,5411,7166106256.00,4583058,99.11,32.30,-19.40
29-July-2022,1531.00,1555.00,1528.00,1549.60,1545.821677992836164203,372147,24425,575272900.00,267423,71.86,27.00,18.60
28-July-2022,1491.00,1523.80,1489.65,1517.45,1509.716936041251488595,496273,30019,749231753.00,312108,62.89,34.15,26.45
27-July-2022,1451.00,1472.80,1444.55,1471.20,1460.737775095884698255,316526,16512,462361485.00,151930,48.00,28.25,20.20
26-July-2022,1501.40,1501.40,1445.20,1451.80,1459.850646638596286745,411822,20337,601198613.00,295576,71.77,56.20,-49.60
25-July-2022,1478.35,1516.95,1478.35,1502.85,1499.250245562402280879,271825,16677,407533698.00,112251,41.30,38.60,24.50
22-July-2022,1530.20,1539.80,1492.80,1506.30,1505.711998745406534906,235933,10431,355247149.00,104219,44.17,47.00,-23.90
21-July-2022,1520.00,1535.00,1503.00,1532.85,1524.842357860024143921,135852,6740,207152884.00,44778,32.96,32.00,12.85
20-July-2022,1501.95,1525.00,1499.05,1514.95,1516.232096891694997571,329440,18233,499507502.00,175749,53.35,25.95,13.00
19-July-2022,1475.00,1486.55,1470.55,1484.90,1477.982646412460963102,259370,12696,383344359.00,146323,56.41,16.00,9.90
18-July-2022,1447.25,1492.90,1447.25,1490.05,1434.570129026455321101,4992077,20153,7161484546.00,4800092,96.15,45.65,42.80
15-July-2022,1440.05,1443.50,1410.90,1430.50,1424.143436726960122107,227996,17844,324699007.00,92985,40.78,32.60,-9.55
14-July-2022,1451.80,1453.20,1413.90,1429.10,1438.286271472924136662,282798,19455,406744481.00,179291,63.40,39.30,-22.70
13-July-2022,1449.00,1460.10,1438.60,1444.95,1447.230686132879917157,156442,7568,226407663.00,91057,58.20,21.50,-4.05
12-July-2022,1467.90,1468.60,1436.00,1438.50,1454.649147675071792691,190479,12172,277080115.00,142394,74.76,32.60,-29.40
11-July-2022,1507.00,1507.00,1467.00,1472.80,1473.048005132523356991,249390,12364,367363442.00,172017,68.98,40.00,-34.20
8-July-2022,1515.00,1516.20,1499.95,1514.00,1508.115242240761926021,215034,13391,324296053.00,117232,54.52,16.25,-1.00
7-July-2022,1498.95,1514.00,1495.50,1498.75,1505.948954595100639725,256360,14443,386065074.00,154289,60.18,18.50,-0.20
6-July-2022,1482.00,1500.00,1470.10,1491.95,1484.107493550949258095,284538,13004,422284978.00,169915,59.72,29.90,9.95
5-July-2022,1497.00,1509.90,1472.10,1476.35,1498.076195435216523474,195891,6684,293459644.00,135590,69.22,37.80,-20.65
4-July-2022,1482.00,1492.05,1461.80,1487.75,1479.034309651251703846,120316,6234,177951492.00,71100,59.09,30.25,5.75
1-July-2022,1453.70,1484.70,1442.25,1478.05,1460.391572991885654730,107464,6706,156939520.00,56684,52.75,42.45,24.35
30-June-2022,1462.95,1481.90,1455.15,1461.20,1464.001627369810415166,400032,17532,585647499.00,320517,80.12,26.75,-1.75
29-June-2022,1466.70,1477.20,1457.90,1463.70,1471.755026098539411117,258252,10493,380083679.00,195607,75.74,19.30,-3.00
28-June-2022,1459.40,1485.90,1453.00,1480.25,1465.666626034222675951,65629,4390,96190235.00,21054,32.08,32.90,20.85
27-June-2022,1470.00,1484.10,1465.30,1474.55,1476.054664260320684901,220528,14537,325511383.00,100976,45.79,18.80,4.55
24-June-2022,1459.95,1469.00,1428.80,1442.05,1443.245654731887712220,208215,15942,300505394.00,99686,47.88,40.20,-17.90
23-June-2022,1439.80,1458.75,1433.85,1453.20,1447.310149797279152174,305346,19299,441930365.00,164719,53.94,24.90,13.40
22-June-2022,1435.00,1459.30,1435.00,1437.35,1448.291538303553090983,243450,11302,352586575.00,113251,46.52,24.30,2.35
21-June-2022,1420.00,1455.55,1420.00,1450.00,1446.385222140728979444,372219,20305,538372061.00,227061,61.00,35.55,30.00
20-June-2022,1389.00,1423.00,1382.10,1414.75,1401.551998732951008666,271497,18851,380517163.00,125213,46.12,40.90,25.75
17-June-2022,1394.95,1397.05,1367.20,1387.65,1383.765008187345132448,299853,15574,414926089.00,183911,61.33,29.85,-7.30
16-June-2022,1440.00,1444.80,1392.15,1397.15,1415.404054775985975801,372499,19382,527236595.00,277969,74.62,52.65,-42.85
15-June-2022,1440.00,1446.25,1418.45,1421.65,1433.337837703664723929,201434,8067,288722974.00,155263,77.08,27.80,-18.35
14-June-2022,1407.05,1448.95,1404.00,1440.25,1439.867143826164245783,342024,9624,492469120.00,249274,72.88,44.95,33.20
13-June-2022,1444.00,1445.00,1412.30,1424.20,1426.947650887639577303,450915,41419,643432100.00,296506,65.76,32.70,-19.80
10-June-2022,1485.00,1492.65,1474.10,1477.15,1484.956468009513384522,375471,12760,557558090.00,290187,77.29,18.55,-7.85
9-June-2022,1487.80,1517.00,1482.00,1514.60,1503.881908404218161804,283441,9204,426261792.00,213502,75.32,35.00,26.80
8-June-2022,1523.00,1523.00,1492.30,1499.95,1502.165641903313049357,189312,12363,284377982.00,68764,36.32,30.70,-23.05
7-June-2022,1518.00,1519.00,1503.00,1507.25,1510.114288452803140484,239963,14405,362371555.00,156271,65.12,16.00,-10.75
6-June-2022,1521.00,1536.60,1493.05,1530.35,1514.028589797103118058,208431,14683,315570493.00,69870,33.52,43.55,9.35
3-June-2022,1524.90,1555.05,1518.50,1522.00,1542.630084937823936306,253715,10946,391388392.00,123596,48.71,36.55,-2.90
2-June-2022,1485.55,1513.80,1475.60,1507.90,1496.018278797229252415,378526,20309,566281815.00,176925,46.74,38.20,22.35
1-June-2022,1505.15,1514.00,1471.60,1478.90,1493.147136015149565185,435128,26874,649710127.00,243398,55.94,42.40,-26.25
31-May-2022,1513.00,1517.50,1488.70,1503.95,1505.100963936636332996,370875,20226,558204320.00,191239,51.56,28.80,-9.05
30-May-2022,1490.10,1530.00,1486.80,1527.55,1520.658798305093367380,393178,16453,597889585.00,239883,61.01,43.20,37.45
27-May-2022,1450.00,1467.00,1437.30,1460.85,1455.220770671191994850,478492,15412,696311497.00,363831,76.04,29.70,10.85
26-May-2022,1410.00,1430.00,1407.00,1423.80,1420.176647482157742493,602222,28759,855261621.00,372115,61.79,23.00,13.80
25-May-2022,1434.00,1442.85,1399.50,1411.45,1421.644594383470687028,512060,34389,727967331.00,336641,65.74,43.35,-22.55
24-May-2022,1470.00,1470.00,1435.30,1441.20,1450.315336725618557452,342935,21073,497363890.00,227431,66.32,34.70,-28.80
23-May-2022,1458.50,1487.85,1450.05,1468.70,1473.790447525135968239,247852,17222,365281910.00,117086,47.24,37.80,10.20
20-May-2022,1452.00,1466.90,1447.00,1455.50,1457.297166972175863861,438612,20341,639188025.00,267762,61.05,19.90,3.50
19-May-2022,1480.00,1481.00,1417.70,1427.20,1437.458479456206433735,923880,86048,1328039140.00,521650,56.46,63.30,-52.80
18-May-2022,1524.00,1549.80,1505.20,1509.70,1527.638949226847581357,201642,16448,308036173.00,71069,35.25,44.60,-14.30
17-May-2022,1494.80,1524.80,1480.25,1518.65,1505.423205156701489219,512886,31170,772110486.00,374498,73.02,44.55,23.85
16-May-2022,1506.15,1512.75,1478.65,1489.25,1491.968946383425813441,152285,10591,227204491.00,68364,44.89,34.10,-16.90
13-May-2022,1520.00,1529.00,1498.30,1503.35,1515.581040141378439787,277270,22236,420225155.00,128098,46.20,30.70,-16.65
12-May-2022,1515.00,1527.20,1504.90,1509.25,1515.178846052085567156,359063,29240,544044662.00,189402,52.75,22.30,-5.75
11-May-2022,1553.00,1553.00,1511.55,1527.20,1524.254960783518823672,419339,28077,639179551.00,240204,57.28,41.45,-25.80
10-May-2022,1561.00,1569.95,1546.25,1553.60,1561.139974256764933459,272693,12471,425711943.00,183414,67.26,23.70,-7.40
9-May-2022,1530.40,1586.40,1522.40,1570.20,1562.868199171093339559,428275,27053,669337378.00,191471,44.71,64.00,39.80
6-May-2022,1543.00,1556.55,1535.10,1543.45,1544.276083949179074593,329628,34213,509036637.00,175026,53.10,21.45,0.45
5-May-2022,1558.45,1589.25,1557.55,1585.25,1580.192444308085488630,316159,23919,499592063.00,172191,54.46,31.70,26.80
4-May-2022,1545.00,1569.95,1530.50,1535.95,1541.651039385533764822,3945408,28383,6082442344.00,3788788,96.03,39.45,-9.05
2-May-2022,1551.00,1552.25,1530.60,1541.25,1537.758965522685292731,443393,40650,681831561.00,287272,64.79,21.65,-9.75
29-April-2022,1591.65,1597.40,1561.10,1567.90,1579.492490748114489155,213470,23234,337174262.00,118027,55.29,36.30,-23.75
28-April-2022,1567.70,1601.40,1557.90,1583.30,1581.681040274117997122,325991,22221,515613784.00,158824,48.72,43.50,15.60
27-April-2022,1579.40,1579.40,1550.50,1553.20,1557.290190626420340614,149612,9472,232989300.00,99566,66.55,28.90,-26.20
26-April-2022,1574.20,1592.00,1567.00,1579.75,1583.784986151994547800,344815,21830,546112820.00,238569,69.19,25.00,5.55
25-April-2022,1575.70,1575.70,1554.10,1561.45,1561.573546653639472398,450340,45028,703239031.00,335590,74.52,21.60,-14.25
22-April-2022,1617.00,1617.00,1583.00,1585.70,1598.769320336964671635,226730,14448,362488968.00,159551,70.37,34.00,-31.30
21-April-2022,1595.05,1626.60,1589.20,1618.50,1613.160910566797668579,338163,28569,545511333.00,174810,51.69,37.40,23.45
20-April-2022,1575.00,1596.00,1563.15,1587.85,1583.289350040480618421,590406,43893,934783532.00,341258,57.80,32.85,12.85
19-April-2022,1644.00,1644.00,1550.40,1563.95,1591.127402689241507725,982805,107960,1563767967.00,644640,65.59,93.60,-80.05
18-April-2022,1608.00,1650.90,1592.05,1621.45,1626.503812455293710209,1544805,147511,2512631222.00,949607,61.47,58.85,13.45
13-April-2022,1759.45,1759.45,1732.25,1748.65,1746.524574194734775629,201207,10285,351412970.00,86704,43.09,27.20,-10.80
12-April-2022,1759.00,1759.00,1727.50,1741.45,1741.757518982348880780,324512,40592,565221216.00,169548,52.25,31.50,-17.55
11-April-2022,1818.95,1818.95,1763.00,1766.65,1774.424081360465471591,556339,48130,987181319.00,348541,62.65,55.95,-52.30
8-April-2022,1823.70,1838.00,1808.40,1815.10,1822.723761281612433426,188138,13947,342923603.00,77839,41.37,29.60,-8.60
7-April-2022,1825.00,1828.00,1807.80,1811.50,1818.971608781658397379,185022,9910,336549765.00,123646,66.83,20.20,-13.50
6-April-2022,1853.10,1856.95,1822.10,1828.45,1835.732901096135769848,270222,22947,496055416.00,151785,56.17,34.85,-24.65
5-April-2022,1886.00,1889.75,1857.20,1861.10,1872.938479124305987210,189838,11263,355554895.00,113174,59.62,32.55,-24.90
4-April-2022,1895.20,1895.20,1873.50,1882.45,1884.805331252976160322,296103,15557,558096513.00,153197,51.74,21.70,-12.75
1-April-2022,1894.00,1909.95,1878.95,1902.35,1893.543616077088880436,189288,10267,358425084.00,102029,53.90,31.00,8.35
